<?xml version="1.0" encoding="UTF-8" standalone="no"?>
<registration_data version="1.0">
   <environment>
      <hostname>Chris-PC</hostname>
      <hostId/>
      <osName>Windows Vista</osName>
      <osVersion>6.0</osVersion>
      <osArchitecture>x86</osArchitecture>
      <systemModel/>
      <systemManufacturer/>
      <cpuManufacturer/>
      <serialNumber/>
   </environment>
   <registry urn="urn:st:fed1cc68-1f44-4608-a786-caf8f7fa31c6" version="1.0">
      <service_tag>
         <instance_urn>urn:st:8c350bab-ad3d-47ad-b87b-a435aebab18d</instance_urn>
         <product_name>Java SE 6 Development Kit</product_name>
         <product_version>1.6.0_16</product_version>
         <product_urn>urn:uuid:b58ef9a8-5ae8-11db-a023-080020a9ed93</product_urn>
         <product_parent_urn>urn:uuid:fdc90b21-018d-4cab-b866-612c7c119ed3</product_parent_urn>
         <product_parent>Java Platform Standard Edition 6 (Java SE 6)</product_parent>
         <product_defined_inst_id>id=1.6.0_16-b01 x86,dir=C:\Program Files\Java\jdk1.6.0_16\jre</product_defined_inst_id>
         <product_vendor>Sun Microsystems</product_vendor>
         <platform_arch>x86</platform_arch>
         <timestamp>2009-09-26 17:58:04 GMT</timestamp>
         <container>global</container>
         <source>Windows JDK i586 installer</source>
         <installer_uid>-1</installer_uid>
      </service_tag>
   </registry>
</registration_data>
